{"cameraMode":{"drawMode":0,"name":"Shaded","section":"Shading Mode"},"sceneLighting":true,"audioPlay":false,"sceneViewState":{"m_AlwaysRefresh":true,"showFog":true,"showSkybox":false,"showFlares":true,"showImageEffects":true,"showParticleSystems":true,"showVisualEffectGraphs":true,"m_FxEnabled":true},"in2DMode":false,"pivot":{"x":0.01515807956457138,"y":0.38411831855773928,"z":0.047275006771087649},"rotation":{"x":0.24350415170192719,"y":-0.013093178160488606,"z":0.003287514904513955,"w":0.9698061347007752},"size":0.5172739028930664,"orthographic":false}